{"stats":{"minecraft:killed":{"minecraft:silverfish":1},"minecraft:custom":{"minecraft:jump":32,"minecraft:time_since_rest":45381,"minecraft:damage_dealt":20,"minecraft:crouch_one_cm":94,"minecraft:play_time":45381,"minecraft:leave_game":2,"minecraft:sprint_one_cm":6358,"minecraft:time_since_death":45381,"minecraft:walk_one_cm":3140,"minecraft:sneak_time":987,"minecraft:total_world_time":45381,"minecraft:mob_kills":1,"minecraft:fly_one_cm":541563},"minecraft:picked_up":{"minecraft:glow_item_frame":1},"minecraft:used":{"minecraft:barrier":1,"minecraft:item_frame":2,"minecraft:glow_item_frame":13,"minecraft:pink_wool":2}},"DataVersion":3337}